"id","workId","mediumId","createdAt"
13,1,1,"2026-01-30T18:24:38.000Z"
14,1,2,"2026-01-30T18:24:38.000Z"
15,1,3,"2026-01-30T18:24:38.000Z"
16,1,4,"2026-01-30T18:24:38.000Z"
20,2,1,"2026-01-30T18:27:31.000Z"
21,2,2,"2026-01-30T18:27:31.000Z"
22,2,3,"2026-01-30T18:27:31.000Z"
26,3,1,"2026-01-30T18:28:38.000Z"
27,3,2,"2026-01-30T18:28:38.000Z"
28,3,3,"2026-01-30T18:28:38.000Z"
30001,30001,1,"2026-01-30T20:27:06.000Z"
30002,30001,2,"2026-01-30T20:27:06.000Z"
30003,30001,3,"2026-01-30T20:27:06.000Z"
30004,30002,4,"2026-01-30T20:29:21.000Z"
30005,30002,5,"2026-01-30T20:29:21.000Z"
30006,30002,6,"2026-01-30T20:29:21.000Z"
30007,30003,1,"2026-01-30T20:31:04.000Z"
30008,30003,2,"2026-01-30T20:31:04.000Z"
30009,30003,3,"2026-01-30T20:31:04.000Z"
30010,30004,1,"2026-01-30T20:32:29.000Z"
30011,30004,2,"2026-01-30T20:32:29.000Z"
30012,30004,3,"2026-01-30T20:32:29.000Z"
30013,30005,1,"2026-01-30T20:34:32.000Z"
30014,30005,2,"2026-01-30T20:34:32.000Z"
30015,30005,3,"2026-01-30T20:34:32.000Z"
60001,60001,1,"2026-01-30T21:20:46.000Z"
60002,60001,2,"2026-01-30T21:20:46.000Z"
60003,60001,3,"2026-01-30T21:20:46.000Z"
60004,60002,1,"2026-01-30T21:21:43.000Z"
60005,60002,2,"2026-01-30T21:21:43.000Z"
60006,60002,3,"2026-01-30T21:21:43.000Z"
90001,90001,1,"2026-01-31T09:03:02.000Z"
90002,90001,2,"2026-01-31T09:03:02.000Z"
90003,90001,3,"2026-01-31T09:03:02.000Z"
90004,90002,1,"2026-01-31T09:04:07.000Z"
90005,90002,2,"2026-01-31T09:04:07.000Z"
90006,90002,3,"2026-01-31T09:04:07.000Z"
90007,90003,1,"2026-01-31T09:05:09.000Z"
90008,90003,2,"2026-01-31T09:05:09.000Z"
90009,90003,3,"2026-01-31T09:05:09.000Z"
90010,90004,1,"2026-01-31T09:09:41.000Z"
90011,90004,2,"2026-01-31T09:09:41.000Z"
90012,90004,3,"2026-01-31T09:09:41.000Z"
90013,90004,6,"2026-01-31T09:09:41.000Z"
90014,90004,9,"2026-01-31T09:09:41.000Z"
90015,90004,11,"2026-01-31T09:09:41.000Z"
90016,90005,1,"2026-01-31T09:11:17.000Z"
90017,90005,2,"2026-01-31T09:11:17.000Z"
90018,90005,3,"2026-01-31T09:11:17.000Z"
90019,90006,1,"2026-01-31T09:12:29.000Z"
90020,90006,2,"2026-01-31T09:12:29.000Z"
90021,90006,3,"2026-01-31T09:12:29.000Z"
90022,90006,9,"2026-01-31T09:12:29.000Z"
90023,90006,11,"2026-01-31T09:12:29.000Z"
90024,90007,1,"2026-01-31T09:13:36.000Z"
90025,90007,2,"2026-01-31T09:13:36.000Z"
90026,90007,3,"2026-01-31T09:13:36.000Z"
90027,90007,10,"2026-01-31T09:13:36.000Z"
180001,120002,1,"2026-02-03T13:04:41.000Z"
180002,120002,2,"2026-02-03T13:04:41.000Z"
180003,120002,3,"2026-02-03T13:04:41.000Z"
180007,150001,1,"2026-02-03T13:08:35.000Z"
180008,150001,2,"2026-02-03T13:08:35.000Z"
180009,150001,3,"2026-02-03T13:08:35.000Z"
180011,150002,1,"2026-02-03T13:10:48.000Z"
180012,150002,2,"2026-02-03T13:10:48.000Z"
180013,150002,3,"2026-02-03T13:10:48.000Z"
240001,180001,1,"2026-02-04T15:19:11.000Z"
240002,180001,2,"2026-02-04T15:19:11.000Z"
240003,180001,3,"2026-02-04T15:19:11.000Z"
240004,180002,1,"2026-02-04T15:20:28.000Z"
240005,180002,2,"2026-02-04T15:20:28.000Z"
240006,180002,3,"2026-02-04T15:20:28.000Z"
240007,180003,1,"2026-02-04T15:21:25.000Z"
240008,180003,2,"2026-02-04T15:21:25.000Z"
240009,180003,3,"2026-02-04T15:21:25.000Z"
240010,180004,1,"2026-02-04T15:22:16.000Z"
240011,180004,2,"2026-02-04T15:22:16.000Z"
240012,180004,3,"2026-02-04T15:22:16.000Z"
240013,180005,1,"2026-02-04T15:23:30.000Z"
240014,180005,2,"2026-02-04T15:23:30.000Z"
240015,180005,3,"2026-02-04T15:23:30.000Z"
240019,180006,1,"2026-02-04T15:24:57.000Z"
240020,180006,2,"2026-02-04T15:24:57.000Z"
240021,180006,3,"2026-02-04T15:24:57.000Z"
240027,180007,1,"2026-02-04T15:26:47.000Z"
240028,180007,2,"2026-02-04T15:26:47.000Z"
240029,180007,3,"2026-02-04T15:26:47.000Z"
240030,180007,10,"2026-02-04T15:26:47.000Z"
240031,180007,11,"2026-02-04T15:26:47.000Z"
240032,180008,1,"2026-02-04T15:29:34.000Z"
240033,180008,2,"2026-02-04T15:29:35.000Z"
240034,180008,3,"2026-02-04T15:29:35.000Z"
270001,210001,1,"2026-02-15T13:46:00.000Z"
270002,210001,2,"2026-02-15T13:46:01.000Z"
270003,210001,3,"2026-02-15T13:46:01.000Z"
270007,210003,1,"2026-02-15T13:48:18.000Z"
270008,210003,2,"2026-02-15T13:48:18.000Z"
270009,210003,3,"2026-02-15T13:48:18.000Z"
270010,210004,1,"2026-02-15T13:49:22.000Z"
270011,210004,2,"2026-02-15T13:49:22.000Z"
270012,210004,3,"2026-02-15T13:49:22.000Z"
270013,210005,1,"2026-02-15T13:50:46.000Z"
270014,210005,2,"2026-02-15T13:50:46.000Z"
270015,210005,3,"2026-02-15T13:50:46.000Z"
270016,210006,1,"2026-02-15T13:51:39.000Z"
270017,210006,2,"2026-02-15T13:51:39.000Z"
270018,210006,3,"2026-02-15T13:51:39.000Z"
270019,210007,1,"2026-02-15T13:52:47.000Z"
270020,210007,2,"2026-02-15T13:52:47.000Z"
270021,210007,3,"2026-02-15T13:52:47.000Z"
270022,210007,11,"2026-02-15T13:52:47.000Z"
270023,210008,1,"2026-02-15T13:54:26.000Z"
270024,210008,2,"2026-02-15T13:54:26.000Z"
270025,210008,3,"2026-02-15T13:54:26.000Z"
270026,210009,1,"2026-02-15T13:55:27.000Z"
270027,210009,2,"2026-02-15T13:55:27.000Z"
270028,210009,3,"2026-02-15T13:55:27.000Z"
270029,210010,1,"2026-02-15T13:56:44.000Z"
270030,210010,2,"2026-02-15T13:56:44.000Z"
270031,210010,3,"2026-02-15T13:56:44.000Z"
270032,210011,1,"2026-02-15T13:58:06.000Z"
270033,210011,2,"2026-02-15T13:58:06.000Z"
270034,210011,3,"2026-02-15T13:58:06.000Z"
270035,210012,1,"2026-02-15T14:00:02.000Z"
270036,210012,2,"2026-02-15T14:00:03.000Z"
270037,210012,3,"2026-02-15T14:00:03.000Z"
270038,210012,5,"2026-02-15T14:00:03.000Z"
270039,210013,1,"2026-02-15T14:00:55.000Z"
270040,210013,2,"2026-02-15T14:00:55.000Z"
270041,210013,3,"2026-02-15T14:00:56.000Z"
270042,210014,1,"2026-02-15T14:01:51.000Z"
270043,210014,2,"2026-02-15T14:01:51.000Z"
270044,210014,3,"2026-02-15T14:01:51.000Z"
270045,210015,1,"2026-02-15T14:02:32.000Z"
270046,210015,2,"2026-02-15T14:02:32.000Z"
270047,210015,3,"2026-02-15T14:02:32.000Z"
270048,210016,1,"2026-02-15T14:03:17.000Z"
270049,210016,2,"2026-02-15T14:03:17.000Z"
270050,210016,3,"2026-02-15T14:03:17.000Z"
270051,210017,1,"2026-02-15T14:03:54.000Z"
270052,210017,2,"2026-02-15T14:03:54.000Z"
270053,210017,3,"2026-02-15T14:03:54.000Z"
270054,210018,1,"2026-02-15T14:05:28.000Z"
270055,210018,2,"2026-02-15T14:05:28.000Z"
270056,210018,3,"2026-02-15T14:05:28.000Z"
270057,210018,9,"2026-02-15T14:05:28.000Z"
270058,210019,2,"2026-02-15T14:06:49.000Z"
270059,210020,1,"2026-02-15T14:07:28.000Z"
270060,210020,2,"2026-02-15T14:07:28.000Z"
270061,210020,3,"2026-02-15T14:07:28.000Z"
270062,210021,1,"2026-02-15T14:08:14.000Z"
270063,210021,3,"2026-02-15T14:08:14.000Z"
270064,210022,1,"2026-02-15T14:08:59.000Z"
270065,210022,9,"2026-02-15T14:08:59.000Z"
270066,210023,1,"2026-02-15T14:09:43.000Z"
270067,210024,2,"2026-02-15T14:10:14.000Z"
270068,210025,2,"2026-02-15T14:10:49.000Z"
270069,210025,3,"2026-02-15T14:10:49.000Z"
270070,210025,1,"2026-02-15T14:10:49.000Z"
270071,210026,2,"2026-02-15T14:11:17.000Z"
270072,210026,1,"2026-02-15T14:11:17.000Z"
270073,210027,3,"2026-02-15T14:11:46.000Z"
270074,210027,2,"2026-02-15T14:11:46.000Z"
270075,210027,1,"2026-02-15T14:11:46.000Z"
270076,210028,1,"2026-02-15T14:12:16.000Z"
270077,210028,2,"2026-02-15T14:12:16.000Z"
270078,210028,3,"2026-02-15T14:12:16.000Z"
300001,240001,1,"2026-02-21T11:08:39.000Z"
300002,240001,2,"2026-02-21T11:08:39.000Z"
300003,240001,3,"2026-02-21T11:08:39.000Z"
300004,240002,1,"2026-02-21T11:09:18.000Z"
300005,240002,2,"2026-02-21T11:09:18.000Z"
300006,240002,3,"2026-02-21T11:09:18.000Z"
300007,240003,1,"2026-02-21T11:09:56.000Z"
300008,240003,2,"2026-02-21T11:09:56.000Z"
300009,240003,3,"2026-02-21T11:09:56.000Z"
300010,240004,1,"2026-02-21T11:11:03.000Z"
300011,240004,2,"2026-02-21T11:11:03.000Z"
300012,240004,3,"2026-02-21T11:11:03.000Z"
300013,240005,1,"2026-02-21T11:11:40.000Z"
300014,240005,2,"2026-02-21T11:11:40.000Z"
300015,240005,3,"2026-02-21T11:11:40.000Z"
300016,240006,1,"2026-02-21T11:12:46.000Z"
300017,240006,2,"2026-02-21T11:12:46.000Z"
300018,240006,3,"2026-02-21T11:12:46.000Z"
300019,240007,3,"2026-02-21T11:13:26.000Z"
300020,240007,2,"2026-02-21T11:13:26.000Z"
300021,240007,1,"2026-02-21T11:13:26.000Z"
300022,240008,1,"2026-02-21T11:14:09.000Z"
300023,240008,2,"2026-02-21T11:14:09.000Z"
300024,240008,3,"2026-02-21T11:14:09.000Z"
300025,240009,3,"2026-02-21T11:15:12.000Z"
300026,240009,2,"2026-02-21T11:15:12.000Z"
300027,240009,1,"2026-02-21T11:15:12.000Z"
330001,270001,1,"2026-02-21T15:30:44.000Z"
330002,270001,2,"2026-02-21T15:30:44.000Z"
330003,270001,3,"2026-02-21T15:30:44.000Z"
330004,270002,1,"2026-02-21T15:31:20.000Z"
330005,270002,2,"2026-02-21T15:31:20.000Z"
330006,270002,3,"2026-02-21T15:31:20.000Z"
330007,270003,1,"2026-02-21T15:32:16.000Z"
330008,270003,2,"2026-02-21T15:32:16.000Z"
330009,270003,3,"2026-02-21T15:32:16.000Z"
330010,270004,1,"2026-02-21T15:32:54.000Z"
330011,270004,2,"2026-02-21T15:32:54.000Z"
330012,270004,3,"2026-02-21T15:32:54.000Z"
330013,270005,1,"2026-02-21T15:33:25.000Z"
330014,270005,2,"2026-02-21T15:33:25.000Z"
330015,270005,3,"2026-02-21T15:33:25.000Z"
330016,270006,1,"2026-02-21T15:34:26.000Z"
330017,270006,2,"2026-02-21T15:34:26.000Z"
330018,270006,3,"2026-02-21T15:34:26.000Z"
330019,270007,1,"2026-02-21T15:35:14.000Z"
330020,270007,2,"2026-02-21T15:35:14.000Z"
330021,270007,3,"2026-02-21T15:35:14.000Z"
330022,270008,1,"2026-02-21T15:36:09.000Z"
330023,270008,2,"2026-02-21T15:36:09.000Z"
330024,270008,3,"2026-02-21T15:36:10.000Z"
330025,270009,1,"2026-02-21T15:36:55.000Z"
330026,270009,2,"2026-02-21T15:36:55.000Z"
330027,270009,3,"2026-02-21T15:36:55.000Z"
360001,300001,1,"2026-03-14T13:23:00.000Z"
360002,300001,2,"2026-03-14T13:23:00.000Z"
360003,300001,3,"2026-03-14T13:23:01.000Z"
360007,300002,1,"2026-03-14T13:24:13.000Z"
360008,300002,2,"2026-03-14T13:24:13.000Z"
360009,300002,3,"2026-03-14T13:24:13.000Z"
360010,300003,1,"2026-03-14T13:24:56.000Z"
360011,300003,2,"2026-03-14T13:24:56.000Z"
360012,300003,3,"2026-03-14T13:24:56.000Z"
360013,300004,1,"2026-03-14T13:26:05.000Z"
360014,300004,2,"2026-03-14T13:26:05.000Z"
360015,300004,3,"2026-03-14T13:26:05.000Z"
360016,300005,1,"2026-03-14T13:26:46.000Z"
360017,300005,2,"2026-03-14T13:26:46.000Z"
360018,300005,3,"2026-03-14T13:26:46.000Z"
360019,300006,1,"2026-03-14T13:27:34.000Z"
360020,300006,2,"2026-03-14T13:27:34.000Z"
360021,300006,3,"2026-03-14T13:27:34.000Z"
360022,300007,1,"2026-03-14T13:28:31.000Z"
360023,300007,2,"2026-03-14T13:28:31.000Z"
360024,300007,3,"2026-03-14T13:28:31.000Z"
360025,300008,1,"2026-03-14T13:29:23.000Z"
360026,300008,2,"2026-03-14T13:29:23.000Z"
360027,300008,3,"2026-03-14T13:29:23.000Z"
360028,300009,1,"2026-03-14T13:29:55.000Z"
360029,300009,2,"2026-03-14T13:29:55.000Z"
360030,300009,3,"2026-03-14T13:29:55.000Z"
360031,300010,1,"2026-03-14T13:30:45.000Z"
360032,300010,2,"2026-03-14T13:30:45.000Z"
360033,300010,3,"2026-03-14T13:30:45.000Z"
360034,300011,1,"2026-03-14T13:31:40.000Z"
360035,300011,2,"2026-03-14T13:31:41.000Z"
360036,300011,3,"2026-03-14T13:31:41.000Z"
360037,300012,1,"2026-03-14T13:32:12.000Z"
360038,300012,2,"2026-03-14T13:32:12.000Z"
360039,300012,3,"2026-03-14T13:32:12.000Z"
360040,300013,1,"2026-03-14T13:32:57.000Z"
360041,300013,2,"2026-03-14T13:32:57.000Z"
360042,300013,3,"2026-03-14T13:32:57.000Z"
360043,300014,1,"2026-03-14T13:33:22.000Z"
360044,300014,2,"2026-03-14T13:33:22.000Z"
360045,300014,3,"2026-03-14T13:33:22.000Z"
360046,300015,1,"2026-03-14T13:34:01.000Z"
360047,300015,2,"2026-03-14T13:34:01.000Z"
360048,300015,3,"2026-03-14T13:34:01.000Z"
360049,300016,1,"2026-03-14T13:34:30.000Z"
360050,300016,2,"2026-03-14T13:34:30.000Z"
360051,300016,3,"2026-03-14T13:34:30.000Z"
360052,300017,1,"2026-03-14T13:35:06.000Z"
360053,300017,2,"2026-03-14T13:35:07.000Z"
360054,300017,3,"2026-03-14T13:35:07.000Z"
360055,300018,1,"2026-03-14T13:39:29.000Z"
360056,300018,2,"2026-03-14T13:39:29.000Z"
360057,300018,3,"2026-03-14T13:39:29.000Z"
360058,300019,1,"2026-03-14T13:39:50.000Z"
360059,300019,2,"2026-03-14T13:39:50.000Z"
360060,300019,3,"2026-03-14T13:39:50.000Z"
360061,300020,1,"2026-03-14T13:40:09.000Z"
360062,300020,2,"2026-03-14T13:40:09.000Z"
360063,300020,3,"2026-03-14T13:40:09.000Z"
390001,330001,1,"2026-03-14T14:06:11.000Z"
390002,330001,2,"2026-03-14T14:06:11.000Z"
390003,330001,3,"2026-03-14T14:06:11.000Z"
390004,330002,1,"2026-03-14T14:06:40.000Z"
390005,330002,2,"2026-03-14T14:06:40.000Z"
390006,330002,3,"2026-03-14T14:06:40.000Z"
390007,330003,1,"2026-03-14T14:15:45.000Z"
390008,330003,2,"2026-03-14T14:15:45.000Z"
390009,330003,3,"2026-03-14T14:15:45.000Z"
390010,330004,1,"2026-03-14T14:16:07.000Z"
390011,330004,2,"2026-03-14T14:16:07.000Z"
390012,330004,3,"2026-03-14T14:16:07.000Z"
420001,360001,1,"2026-03-14T15:02:54.000Z"
420002,360001,2,"2026-03-14T15:02:54.000Z"
420003,360001,3,"2026-03-14T15:02:54.000Z"
450001,390001,1,"2026-03-14T15:23:43.000Z"
450002,390001,2,"2026-03-14T15:23:43.000Z"
450003,390001,3,"2026-03-14T15:23:43.000Z"
450004,390002,1,"2026-03-14T15:24:01.000Z"
450005,390002,2,"2026-03-14T15:24:01.000Z"
450006,390002,3,"2026-03-14T15:24:01.000Z"
450007,390003,1,"2026-03-14T15:24:21.000Z"
450008,390003,2,"2026-03-14T15:24:21.000Z"
450009,390003,3,"2026-03-14T15:24:21.000Z"
480001,420001,1,"2026-03-17T11:49:17.000Z"
480002,420001,2,"2026-03-17T11:49:17.000Z"
480003,420001,3,"2026-03-17T11:49:17.000Z"
480004,420002,1,"2026-03-17T11:49:47.000Z"
480005,420002,2,"2026-03-17T11:49:47.000Z"
480006,420002,3,"2026-03-17T11:49:47.000Z"
480007,420003,1,"2026-03-17T11:50:04.000Z"
480008,420003,2,"2026-03-17T11:50:04.000Z"
480009,420003,3,"2026-03-17T11:50:04.000Z"
480010,420004,1,"2026-03-17T11:50:22.000Z"
480011,420004,2,"2026-03-17T11:50:22.000Z"
480012,420004,3,"2026-03-17T11:50:22.000Z"
480013,420005,1,"2026-03-17T11:50:51.000Z"
480014,420005,2,"2026-03-17T11:50:51.000Z"
480015,420005,3,"2026-03-17T11:50:51.000Z"
480016,420006,1,"2026-03-17T11:51:10.000Z"
480017,420006,2,"2026-03-17T11:51:10.000Z"
480018,420006,3,"2026-03-17T11:51:10.000Z"
510001,450001,1,"2026-03-17T14:43:33.000Z"
510002,450001,2,"2026-03-17T14:43:33.000Z"
510003,450001,3,"2026-03-17T14:43:33.000Z"
540001,480001,1,"2026-03-19T07:37:07.000Z"
540002,480001,2,"2026-03-19T07:37:07.000Z"
540003,480001,3,"2026-03-19T07:37:07.000Z"
540004,480002,1,"2026-03-19T07:37:30.000Z"
540005,480002,2,"2026-03-19T07:37:30.000Z"
540006,480002,3,"2026-03-19T07:37:30.000Z"
540007,480003,1,"2026-03-19T07:37:47.000Z"
540008,480003,2,"2026-03-19T07:37:47.000Z"
540009,480003,3,"2026-03-19T07:37:47.000Z"
540010,480004,1,"2026-03-19T07:38:06.000Z"
540011,480004,2,"2026-03-19T07:38:06.000Z"
540012,480004,3,"2026-03-19T07:38:06.000Z"
540013,480005,1,"2026-03-19T07:55:41.000Z"
540014,480005,2,"2026-03-19T07:55:41.000Z"
540015,480005,3,"2026-03-19T07:55:41.000Z"
540016,480006,1,"2026-03-19T07:55:58.000Z"
540017,480006,2,"2026-03-19T07:55:58.000Z"
540018,480006,3,"2026-03-19T07:55:58.000Z"
540019,480007,1,"2026-03-19T07:56:15.000Z"
540020,480007,2,"2026-03-19T07:56:15.000Z"
540021,480007,3,"2026-03-19T07:56:15.000Z"
540025,480008,1,"2026-03-19T07:57:20.000Z"
540026,480008,2,"2026-03-19T07:57:20.000Z"
540027,480008,3,"2026-03-19T07:57:20.000Z"
540028,480009,1,"2026-03-19T07:58:01.000Z"
540029,480009,2,"2026-03-19T07:58:01.000Z"
540030,480009,3,"2026-03-19T07:58:01.000Z"
540031,480010,1,"2026-03-19T08:05:46.000Z"
540032,480010,2,"2026-03-19T08:05:46.000Z"
540033,480010,3,"2026-03-19T08:05:46.000Z"
570001,510001,1,"2026-03-19T10:45:43.000Z"
570002,510001,2,"2026-03-19T10:45:43.000Z"
570003,510001,3,"2026-03-19T10:45:43.000Z"
570004,510002,1,"2026-03-19T10:46:01.000Z"
570005,510002,2,"2026-03-19T10:46:01.000Z"
570006,510002,3,"2026-03-19T10:46:01.000Z"
570007,510003,1,"2026-03-19T10:46:17.000Z"
570008,510003,2,"2026-03-19T10:46:17.000Z"
570009,510003,3,"2026-03-19T10:46:17.000Z"
570010,510004,1,"2026-03-19T10:46:31.000Z"
570011,510004,2,"2026-03-19T10:46:31.000Z"
570012,510004,3,"2026-03-19T10:46:31.000Z"
570013,510005,1,"2026-03-19T10:46:50.000Z"
570014,510005,2,"2026-03-19T10:46:50.000Z"
570015,510005,3,"2026-03-19T10:46:50.000Z"
570016,510006,1,"2026-03-19T10:47:30.000Z"
570017,510006,2,"2026-03-19T10:47:30.000Z"
570018,510006,3,"2026-03-19T10:47:30.000Z"
600001,210002,1,"2026-03-19T13:52:10.000Z"
600002,210002,2,"2026-03-19T13:52:10.000Z"
600003,210002,3,"2026-03-19T13:52:10.000Z"
630001,120001,1,"2026-03-19T14:31:37.000Z"
630002,120001,2,"2026-03-19T14:31:37.000Z"
630003,120001,3,"2026-03-19T14:31:37.000Z"
