"id","workId","surfaceId","createdAt"
5,1,12,"2026-01-30T18:24:37.000Z"
7,2,16,"2026-01-30T18:27:31.000Z"
9,3,16,"2026-01-30T18:28:38.000Z"
30001,30001,16,"2026-01-30T20:27:06.000Z"
30002,30002,16,"2026-01-30T20:29:21.000Z"
30003,30003,16,"2026-01-30T20:31:04.000Z"
30004,30004,16,"2026-01-30T20:32:29.000Z"
30005,30005,16,"2026-01-30T20:34:32.000Z"
60001,60001,16,"2026-01-30T21:20:46.000Z"
60002,60002,16,"2026-01-30T21:21:43.000Z"
90001,90001,17,"2026-01-31T09:03:01.000Z"
90002,90002,17,"2026-01-31T09:04:07.000Z"
90003,90003,30003,"2026-01-31T09:05:09.000Z"
90004,90004,14,"2026-01-31T09:09:41.000Z"
90005,90005,14,"2026-01-31T09:11:17.000Z"
90006,90006,14,"2026-01-31T09:12:29.000Z"
90007,90007,16,"2026-01-31T09:13:36.000Z"
180001,120002,15,"2026-02-03T13:04:41.000Z"
180003,150001,15,"2026-02-03T13:08:35.000Z"
180005,150002,15,"2026-02-03T13:10:48.000Z"
240001,180001,13,"2026-02-04T15:19:11.000Z"
240002,180002,13,"2026-02-04T15:20:28.000Z"
240003,180003,13,"2026-02-04T15:21:25.000Z"
240004,180004,13,"2026-02-04T15:22:16.000Z"
240005,180005,13,"2026-02-04T15:23:30.000Z"
240007,180006,13,"2026-02-04T15:24:57.000Z"
240009,180007,13,"2026-02-04T15:26:47.000Z"
240010,180008,16,"2026-02-04T15:29:34.000Z"
270001,210001,15,"2026-02-15T13:46:00.000Z"
270004,210003,15,"2026-02-15T13:48:18.000Z"
270005,210004,15,"2026-02-15T13:49:22.000Z"
270006,210005,15,"2026-02-15T13:50:46.000Z"
270007,210006,15,"2026-02-15T13:51:39.000Z"
270008,210007,15,"2026-02-15T13:52:47.000Z"
270009,210008,15,"2026-02-15T13:54:26.000Z"
270010,210009,15,"2026-02-15T13:55:27.000Z"
270011,210010,15,"2026-02-15T13:56:44.000Z"
270012,210011,15,"2026-02-15T13:58:06.000Z"
270013,210012,15,"2026-02-15T14:00:02.000Z"
270014,210013,15,"2026-02-15T14:00:55.000Z"
270015,210014,15,"2026-02-15T14:01:51.000Z"
270016,210015,15,"2026-02-15T14:02:32.000Z"
270017,210016,15,"2026-02-15T14:03:17.000Z"
270018,210017,15,"2026-02-15T14:03:54.000Z"
270019,210018,13,"2026-02-15T14:05:28.000Z"
270020,210019,30002,"2026-02-15T14:06:49.000Z"
270021,210020,30002,"2026-02-15T14:07:28.000Z"
270022,210021,30002,"2026-02-15T14:08:14.000Z"
270023,210022,30002,"2026-02-15T14:08:59.000Z"
270024,210023,30002,"2026-02-15T14:09:43.000Z"
270025,210024,30002,"2026-02-15T14:10:14.000Z"
270026,210025,30002,"2026-02-15T14:10:49.000Z"
270027,210026,30002,"2026-02-15T14:11:17.000Z"
270028,210027,30002,"2026-02-15T14:11:46.000Z"
270029,210028,30002,"2026-02-15T14:12:16.000Z"
300001,240001,17,"2026-02-21T11:08:39.000Z"
300002,240002,17,"2026-02-21T11:09:18.000Z"
300003,240003,17,"2026-02-21T11:09:56.000Z"
300004,240004,17,"2026-02-21T11:11:03.000Z"
300005,240005,17,"2026-02-21T11:11:40.000Z"
300006,240006,17,"2026-02-21T11:12:46.000Z"
300007,240007,17,"2026-02-21T11:13:26.000Z"
300008,240008,17,"2026-02-21T11:14:09.000Z"
300009,240009,17,"2026-02-21T11:15:12.000Z"
330001,270001,14,"2026-02-21T15:30:44.000Z"
330002,270002,14,"2026-02-21T15:31:20.000Z"
330003,270003,14,"2026-02-21T15:32:16.000Z"
330004,270004,14,"2026-02-21T15:32:54.000Z"
330005,270005,14,"2026-02-21T15:33:25.000Z"
330006,270006,14,"2026-02-21T15:34:26.000Z"
330007,270007,30001,"2026-02-21T15:35:14.000Z"
330008,270008,30001,"2026-02-21T15:36:09.000Z"
330009,270009,30001,"2026-02-21T15:36:55.000Z"
360001,300001,14,"2026-03-14T13:23:00.000Z"
360003,300002,14,"2026-03-14T13:24:13.000Z"
360004,300003,14,"2026-03-14T13:24:56.000Z"
360005,300004,17,"2026-03-14T13:26:05.000Z"
360006,300005,30001,"2026-03-14T13:26:46.000Z"
360007,300006,30001,"2026-03-14T13:27:34.000Z"
360008,300007,30001,"2026-03-14T13:28:31.000Z"
360009,300008,16,"2026-03-14T13:29:23.000Z"
360010,300009,16,"2026-03-14T13:29:55.000Z"
360011,300010,16,"2026-03-14T13:30:45.000Z"
360012,300011,16,"2026-03-14T13:31:40.000Z"
360013,300012,16,"2026-03-14T13:32:12.000Z"
360014,300013,16,"2026-03-14T13:32:57.000Z"
360015,300014,16,"2026-03-14T13:33:22.000Z"
360016,300015,17,"2026-03-14T13:34:01.000Z"
360017,300016,17,"2026-03-14T13:34:30.000Z"
360018,300017,16,"2026-03-14T13:35:06.000Z"
360019,300018,15,"2026-03-14T13:39:29.000Z"
360020,300019,15,"2026-03-14T13:39:50.000Z"
360021,300020,15,"2026-03-14T13:40:09.000Z"
390001,330001,15,"2026-03-14T14:06:11.000Z"
390002,330002,15,"2026-03-14T14:06:40.000Z"
390003,330003,15,"2026-03-14T14:15:45.000Z"
390004,330004,15,"2026-03-14T14:16:07.000Z"
420001,360001,15,"2026-03-14T15:02:54.000Z"
450001,390001,14,"2026-03-14T15:23:43.000Z"
450002,390002,15,"2026-03-14T15:24:01.000Z"
450003,390003,15,"2026-03-14T15:24:21.000Z"
480001,420001,30003,"2026-03-17T11:49:17.000Z"
480002,420002,30003,"2026-03-17T11:49:47.000Z"
480003,420003,30003,"2026-03-17T11:50:04.000Z"
480004,420004,30003,"2026-03-17T11:50:22.000Z"
480005,420005,30003,"2026-03-17T11:50:51.000Z"
480006,420006,30003,"2026-03-17T11:51:10.000Z"
510001,450001,30003,"2026-03-17T14:43:33.000Z"
540001,480001,13,"2026-03-19T07:37:07.000Z"
540002,480002,13,"2026-03-19T07:37:30.000Z"
540003,480003,13,"2026-03-19T07:37:47.000Z"
540004,480004,13,"2026-03-19T07:38:06.000Z"
540005,480005,13,"2026-03-19T07:55:41.000Z"
540006,480006,13,"2026-03-19T07:55:58.000Z"
540007,480007,13,"2026-03-19T07:56:15.000Z"
540009,480008,13,"2026-03-19T07:57:20.000Z"
540010,480009,13,"2026-03-19T07:58:01.000Z"
540011,480010,13,"2026-03-19T08:05:46.000Z"
570001,510001,13,"2026-03-19T10:45:43.000Z"
570002,510002,13,"2026-03-19T10:46:01.000Z"
570003,510003,13,"2026-03-19T10:46:17.000Z"
570004,510004,13,"2026-03-19T10:46:31.000Z"
570005,510005,13,"2026-03-19T10:46:50.000Z"
570006,510006,13,"2026-03-19T10:47:30.000Z"
600001,210002,15,"2026-03-19T13:52:10.000Z"
630001,120001,15,"2026-03-19T14:31:37.000Z"
