"id","workId","toolId","createdAt"
4,1,30004,"2026-01-30T18:24:38.000Z"
5,2,30004,"2026-01-30T18:27:31.000Z"
30001,30001,30004,"2026-01-30T20:27:06.000Z"
30002,30002,30004,"2026-01-30T20:29:21.000Z"
30003,30003,30004,"2026-01-30T20:31:04.000Z"
30004,30004,30004,"2026-01-30T20:32:29.000Z"
30005,30005,30004,"2026-01-30T20:34:32.000Z"
60001,60001,30004,"2026-01-30T21:20:46.000Z"
60002,60002,30004,"2026-01-30T21:21:43.000Z"
90001,90001,30004,"2026-01-31T09:03:02.000Z"
90002,90002,30004,"2026-01-31T09:04:07.000Z"
90003,90003,30004,"2026-01-31T09:05:09.000Z"
90004,90004,30004,"2026-01-31T09:09:41.000Z"
90005,90005,30004,"2026-01-31T09:11:17.000Z"
90006,90006,30004,"2026-01-31T09:12:29.000Z"
90007,90007,30004,"2026-01-31T09:13:36.000Z"
180001,120002,30004,"2026-02-03T13:04:41.000Z"
180003,150001,30004,"2026-02-03T13:08:35.000Z"
180004,150002,30004,"2026-02-03T13:10:48.000Z"
240001,180001,30004,"2026-02-04T15:19:11.000Z"
240002,180002,30004,"2026-02-04T15:20:28.000Z"
240003,180003,30004,"2026-02-04T15:21:25.000Z"
240004,180004,30004,"2026-02-04T15:22:16.000Z"
240005,180005,30004,"2026-02-04T15:23:30.000Z"
240007,180006,30004,"2026-02-04T15:24:57.000Z"
240009,180007,30004,"2026-02-04T15:26:47.000Z"
240010,180008,30004,"2026-02-04T15:29:35.000Z"
270001,210001,30004,"2026-02-15T13:46:01.000Z"
270003,210003,30004,"2026-02-15T13:48:18.000Z"
270004,210004,30004,"2026-02-15T13:49:22.000Z"
270005,210005,30004,"2026-02-15T13:50:46.000Z"
270006,210006,30004,"2026-02-15T13:51:39.000Z"
270007,210007,30004,"2026-02-15T13:52:47.000Z"
270008,210008,30004,"2026-02-15T13:54:26.000Z"
270009,210009,30004,"2026-02-15T13:55:27.000Z"
270010,210010,30004,"2026-02-15T13:56:44.000Z"
270011,210011,30004,"2026-02-15T13:58:06.000Z"
270012,210012,30004,"2026-02-15T14:00:03.000Z"
270013,210013,30004,"2026-02-15T14:00:56.000Z"
270014,210014,30004,"2026-02-15T14:01:51.000Z"
270015,210015,30004,"2026-02-15T14:02:32.000Z"
270016,210016,30004,"2026-02-15T14:03:17.000Z"
270017,210017,30004,"2026-02-15T14:03:54.000Z"
270018,210018,30004,"2026-02-15T14:05:28.000Z"
270019,210019,30004,"2026-02-15T14:06:49.000Z"
270020,210020,30004,"2026-02-15T14:07:28.000Z"
270021,210021,30004,"2026-02-15T14:08:14.000Z"
270022,210022,30004,"2026-02-15T14:08:59.000Z"
270023,210023,30004,"2026-02-15T14:09:43.000Z"
270024,210024,30004,"2026-02-15T14:10:14.000Z"
270025,210025,30004,"2026-02-15T14:10:49.000Z"
270026,210026,30004,"2026-02-15T14:11:17.000Z"
270027,210027,30004,"2026-02-15T14:11:46.000Z"
270028,210028,30004,"2026-02-15T14:12:16.000Z"
300001,240001,60002,"2026-02-21T11:08:39.000Z"
300002,240002,60002,"2026-02-21T11:09:18.000Z"
300003,240003,60002,"2026-02-21T11:09:56.000Z"
300004,240004,60002,"2026-02-21T11:11:03.000Z"
300005,240005,60002,"2026-02-21T11:11:40.000Z"
300006,240006,60002,"2026-02-21T11:12:46.000Z"
300007,240007,60002,"2026-02-21T11:13:26.000Z"
300008,240008,60002,"2026-02-21T11:14:09.000Z"
300009,240009,60002,"2026-02-21T11:15:12.000Z"
330001,270001,60002,"2026-02-21T15:30:44.000Z"
330002,270002,60002,"2026-02-21T15:31:20.000Z"
330003,270003,60002,"2026-02-21T15:32:16.000Z"
330004,270004,60002,"2026-02-21T15:32:54.000Z"
330005,270005,60002,"2026-02-21T15:33:25.000Z"
330006,270006,60002,"2026-02-21T15:34:26.000Z"
330007,270007,60002,"2026-02-21T15:35:14.000Z"
330008,270007,30004,"2026-02-21T15:35:14.000Z"
330009,270008,60002,"2026-02-21T15:36:10.000Z"
330010,270008,30004,"2026-02-21T15:36:10.000Z"
330011,270009,60002,"2026-02-21T15:36:55.000Z"
360001,300001,60002,"2026-03-14T13:23:01.000Z"
360003,300002,60002,"2026-03-14T13:24:13.000Z"
360004,300003,60002,"2026-03-14T13:24:56.000Z"
360005,300004,60002,"2026-03-14T13:26:05.000Z"
360006,300005,60002,"2026-03-14T13:26:46.000Z"
360007,300006,60002,"2026-03-14T13:27:35.000Z"
360008,300007,60002,"2026-03-14T13:28:31.000Z"
360009,300008,60002,"2026-03-14T13:29:23.000Z"
360010,300009,60002,"2026-03-14T13:29:55.000Z"
360011,300010,60002,"2026-03-14T13:30:45.000Z"
360012,300011,60002,"2026-03-14T13:31:41.000Z"
360013,300012,60002,"2026-03-14T13:32:12.000Z"
360014,300013,60002,"2026-03-14T13:32:57.000Z"
360015,300014,60002,"2026-03-14T13:33:22.000Z"
360016,300015,60002,"2026-03-14T13:34:01.000Z"
360017,300016,60002,"2026-03-14T13:34:30.000Z"
360018,300017,60002,"2026-03-14T13:35:07.000Z"
360019,300018,60002,"2026-03-14T13:39:29.000Z"
360020,300019,60002,"2026-03-14T13:39:50.000Z"
360021,300020,60002,"2026-03-14T13:40:09.000Z"
390001,330001,60002,"2026-03-14T14:06:11.000Z"
390002,330002,60002,"2026-03-14T14:06:40.000Z"
390003,330003,60002,"2026-03-14T14:15:45.000Z"
390004,330004,60002,"2026-03-14T14:16:07.000Z"
420001,360001,60002,"2026-03-14T15:02:54.000Z"
450001,390001,60002,"2026-03-14T15:23:43.000Z"
450002,390002,60002,"2026-03-14T15:24:01.000Z"
450003,390003,60002,"2026-03-14T15:24:21.000Z"
480001,420001,60002,"2026-03-17T11:49:17.000Z"
480002,420002,60002,"2026-03-17T11:49:47.000Z"
480003,420003,60002,"2026-03-17T11:50:04.000Z"
480004,420004,60002,"2026-03-17T11:50:22.000Z"
480005,420005,60002,"2026-03-17T11:50:51.000Z"
480006,420006,60002,"2026-03-17T11:51:10.000Z"
510001,450001,60002,"2026-03-17T14:43:33.000Z"
540001,480001,60002,"2026-03-19T07:37:07.000Z"
540002,480002,60002,"2026-03-19T07:37:30.000Z"
540003,480003,60002,"2026-03-19T07:37:47.000Z"
540004,480004,60002,"2026-03-19T07:38:06.000Z"
540005,480005,60002,"2026-03-19T07:55:41.000Z"
540006,480006,60002,"2026-03-19T07:55:58.000Z"
540007,480007,60002,"2026-03-19T07:56:15.000Z"
540009,480008,60002,"2026-03-19T07:57:20.000Z"
540010,480009,60002,"2026-03-19T07:58:01.000Z"
540011,480010,60002,"2026-03-19T08:05:46.000Z"
570001,510001,60002,"2026-03-19T10:45:43.000Z"
570002,510002,60002,"2026-03-19T10:46:01.000Z"
570003,510003,60002,"2026-03-19T10:46:17.000Z"
570004,510004,60002,"2026-03-19T10:46:31.000Z"
570005,510005,60002,"2026-03-19T10:46:50.000Z"
570006,510006,60002,"2026-03-19T10:47:30.000Z"
600001,210002,30004,"2026-03-19T13:52:10.000Z"
630001,120001,30004,"2026-03-19T14:31:37.000Z"
